Doctor,url,Speciality,Address,Distance(miles),Timings,Insurance
"Dr. Naim Mahmoud Al-Adli, MD",https://doctor.webmd.com/doctor/naim-al-adli-65144867-7b02-4361-b684-b6fcb2d75624-overview?lid=A7057129,"['Atrial Fibrillation and Atrial Flutter', 'Angina Pectoris', 'Acute Myocardial Infarction (AMI)', 'Cardiac Arrhythmia', 'Ischemic Heart Disease', 'Hypertension (HTN)', 'Heart Failure']"," 131 E Hamilton Ave, Campbell, CA, 95008 ",3.86,"['Mon 8:00 am - 5:00 pm', 'Tue 8:00 am - 5:00 pm', 'Wed 8:00 am - 5:00 pm', 'Thu 8:00 am - 5:00 pm', 'Fri 8:00 am - 5:00 pm', 'Sat Closed', 'Sun Closed']","[' UHC Navigate HMO ', ' CIGNA LocalPlus ', ' CIGNA HMO ', ' Humana National HMO ', ' Multiplan PPO ', ' Humana HMO Premier MRF ', ' Humana Choice POS ', ' Humana HMO Premier ', ' BCBS TX HMO Blue Texas ', ' Imagine Health SmartCare ']"
"Dr. Leila Chaychi, MD",https://doctor.webmd.com/doctor/leila-chaychi-21a6234c-082e-48fb-90bb-7f8dc1e2e8cc-overview,"['Benign Thyroid Diseases', 'Diabetes Mellitus (DM)', 'Disorders of Lipoid Metabolism', 'Hyperthyroidism', 'Hypothyroidism', 'Metabolic Syndrome', 'Non-Toxic Goiter', 'Polycystic Ovarian Syndrome (PCOS)', 'Thyroiditis']"," 1660 San Carlos Ave, San Carlos, CA, 94070 ",20.8,"['Mon 9:00 am - 2:00 pm', 'Tue 9:00 am - 2:00 pm', 'Wed 9:00 am - 2:00 pm', 'Thu 9:00 am - 2:00 pm', 'Fri 9:00 am - 2:00 pm', 'Sat Closed', 'Sun Closed']","[' CIGNA LocalPlus ', ' Blue Shield CA 2017 I&amp;F HMO - CoveredCA ', ' Health Net SmartCare Network HMO Large Group ', ' Aetna Elect Choice EPO Open Access ', ' Aetna Innovation Health Aetna Premier Care Network Plus ', ' Aetna Open Choice PPO ', ' BCBSA Blue Card High Performance Network ', ' Blue Cross CA Anthem Advantage HMO ', ' Blue Cross CA California Care Small Group HMO ', ' Bright Health Plan Individual &amp; Family ']"
Dr. Tamara Montacute,https://doctor.webmd.com/doctor/tamara-montacute-bed738e5-b906-44b1-bd9c-4b5ae17c218b-overview,"['Hypertension (HTN)', 'Diabetes Mellitus (DM)', 'Arthrocentesis', 'Hearing Evaluation', 'Cardiac Stress Test', 'Echocardiogram', 'Nutrition Therapy', 'Venipuncture']"," 211 Quarry Road, Palo Alto, CA, 94304 ",14.25,[],"[' CIGNA PPO ', ' CIGNA Open Access Plus ', ' CIGNA HMO ', ' Aetna Choice POS II ', ' Blue Cross CA PPO Prudent Buyer Large Group ', ' BCBS Blue Card PPO ', ' Blue Shield CA PPO ', ' Health Net CA PPO ', ' Multiplan PPO ', ' First Health PPO ']"
Dr. Kuljeet S. Rai,https://doctor.webmd.com/doctor/kuljeet-rai-a5085420-eaed-4441-8c9c-f44da2156686-overview,"['Calculus of the Urinary System', 'Candidiasis', 'Acute Conjunctivitis', 'Carpal Tunnel Syndrome (CTS)', 'Cholelethiasis or Cholecystitis', 'Chronic Bronchitis', 'Chronic Renal Disease', 'Chronic Sinusitis', 'Constipation', 'Depressive Disorders', 'Diabetes Mellitus (DM)', 'Disorders of Lipoid Metabolism', 'Erectile Dysfunction (ED)', 'Acute Pharyngitis', 'Gastroesophageal Reflux Disease (GERD)', 'Genital HPV', 'Gout', 'Heart Failure', 'Hemorrhoids', 'Herpes Zoster', 'Acute Sinusitis', 'Hypertension (HTN)', 'Hyperthyroidism', 'Hypothyroidism', 'Infectious Mononucleosis', 'Inflammatory Bowel Disease (IBD)', 'Influenza', 'Insomnia', 'Internal Derangement of Knee', 'Alcohol Dependence', 'Iron Deficiency Anemia', 'Irritable Bowel Syndrome (IBS)', 'Ischemic Heart Disease', 'Lateral Epicondylitis', 'Metabolic Syndrome', ""Alzheimer's Disease"", 'Obsessive-Compulsive Disorder (OCD)', 'Obstructive Sleep Apnea', 'Plantar Fasciitis', 'Osteoarthritis', 'Osteoporosis', 'Otitis Media', 'Auto Injury', 'Ovarian Dysfunction', 'Pink Eye', 'Neck Pain', 'Back Pain', 'Peptic Ulcer Disease', 'Plantar Warts', 'Pneumonia', 'High Cholesterol', 'Polycystic Ovarian Syndrome (PCOS)', 'Anemia', 'Prostatitis', 'Psoriasis', 'Pulmonary Embolism', 'Restless Leg Syndrome', 'Rosacea', 'Sciatica', 'Sexually Transmitted Diseases (STDs)', 'Neuropathy', 'Dermatitis', 'Tension Headache', ""Athlete's Foot"", 'Tinea Unguium', 'Urinary Incontinence', 'Abnormal Vaginal Bleeding', 'Urinary Tract Infection (UTI)', 'Anxiety Phobic Disorders', 'Venous Embolism and Thrombosis', 'Ventral Hernia', 'Viral Pneumonia', 'Vitamin B12 Deficiency Anemia', 'Vitamin D Deficiency', 'Chronic obstructive pulmonary disease (COPD)', 'Pancreatitis', 'Mouth Sores', 'Eczema', 'Acne', 'Atrial Fibrillation and Atrial Flutter', 'Attention Deficit Disorder (ADD)', 'Acute Bronchitis', 'Benign Thyroid Diseases', 'Bipolar Disorder']"," 15000 Los Gatos Blvd. Suite 7, Los Gatos, CA, 95032 ",8.26,[],"[' Blue Cross CA PPO Prudent Buyer Individual ', ' Blue Cross CA PPO Prudent Buyer Large Group ', ' First Health PPO ', ' UHC Navigate HMO ', ' PHCS PPO Kaiser ', ' Aetna Savings Plus of CA ', ' CIGNA HMO ', ' Aetna Choice POS II ', ' Blue Cross CA  PPO Prudent Buyer Small Group ', ' PHCS PPO ']"
Dr. Rajesh S. Suri,https://doctor.webmd.com/doctor/rajesh-suri-19645b54-3710-4d64-8808-e65c3293f62b-overview?lid=A2894090,"['Acute Myocardial Infarction (AMI)', 'Angina Pectoris', 'Aortic Valvular Disease', 'Atrial Fibrillation and Atrial Flutter', 'Cardiac Arrhythmia', 'Cardiomyopathy', 'Carditis', 'Conduction Disorders', 'Congenital Anomalies of the Heart', 'Hypertension (HTN)', 'Ischemic Heart Disease', 'Mitral Valvular Disease', 'Paroxysmal Supraventricular Tachycardia (PSVT)', 'Pericarditis', 'Heart Failure', 'Congestive Heart Failure', 'Abdominal Aortic Aneurysm', 'Acute Coronary Syndrome (ACS)', 'Chest Pain', 'Shortness of Breath', 'Coronary Artery Disease', 'Carotid Artery Disease', 'DVT (Deep Vein Thrombosis)', 'Diabetes', 'High Cholesterol', 'PAD (Peripheral Artery Disease)', 'Pulmonary Embolism', 'Renovascular Disease', 'Stroke']"," 3155 Kearney St Ste 100, Fremont, CA, 94538 ",12.65,"['Mon 9:00 am - 5:00 pm', 'Tue 9:00 am - 5:00 pm', 'Wed 9:00 am - 5:00 pm', 'Thu 9:00 am - 5:00 pm', 'Fri 9:00 am - 5:00 pm', 'Sat Closed', 'Sun Closed', 'Mon 9:00 am - 5:00 pm', 'Tue 9:00 am - 5:00 pm', 'Wed 9:00 am - 5:00 pm', 'Thu 9:00 am - 5:00 pm', 'Fri 9:00 am - 5:00 pm', 'Sat Closed', 'Sun Closed']","[' Most Insurance Plans Accepted ', ' Aetna HMO ', ' Health Net SmartCare Network HMO Large Group ', ' Aetna Elect Choice EPO Open Access ', ' Aetna Innovation Health Aetna Premier Care Network Plus ', ' Aetna Open Choice PPO ', ' BCBSA Blue Card High Performance Network ', ' Blue Cross CA Anthem Advantage HMO ', ' Blue Cross CA Anthem Blue Connection EPO CA ', ' Blue Cross CA California Care Small Group HMO ']"
"Dr. Daniel Edmund Erdman, MD",https://doctor.webmd.com/doctor/daniel-erdman-97b09948-b837-43e6-bde7-9d73ab2d4af2-overview,"['Erectile Dysfunction (ED)', 'Dementia', 'Hypertension (HTN)', 'Obesity', 'Cardiovascular Disease', 'Peripheral Vascular Disease', ""Alzheimer's Disease"", 'Diabetes', 'Osteoporosis', 'Libido Issues', 'Sleep Apnea', 'Cancer', 'Metabolic Disorders', 'Genetic Skin Conditions']"," 14375 Saratoga Ave Ste 101, Saratoga, CA, 95070 ",8.01,"['Mon 9:00 am - 5:00 pm', 'Tue 9:00 am - 5:00 pm', 'Wed 9:00 am - 5:00 pm', 'Thu 9:00 am - 5:00 pm', 'Fri 9:00 am - 5:00 pm', 'Sat Closed', 'Sun Closed']",[' Self Pay ']
"Dr. Keith Khuu, DDS",https://doctor.webmd.com/doctor/keith-khuu-f8bdd465-86cf-49d9-a22e-537b0be95ae8-overview,"['Acute Pain', 'Bad Breath', 'Bad Taste in Mouth', 'Bleeding Gums', 'Broken Teeth', 'Broken Tooth', 'Cavity', 'Charcot-Marie-Tooth (CMT)', 'Chipped Tooth', 'Cosmetic Defects', 'Crossbite', 'Crooked Teeth', 'Crowded Teeth', 'Dental Abnormalities', 'Dental Abscess / Gum Abscess', 'Dental Concerns', 'Dental Crowding', 'Dental Disorders', 'Dental Injury', 'Dental Irregularities', 'Dental Spacing', 'Excessive Tooth Wear', 'Gaps Between Teeth', 'Grinding of Teeth', 'Gum Disease', 'Gum Infections', 'Impacted Teeth', 'Loose Teeth', 'Malocclusion (Bad Bite)', 'Misaligned Teeth', 'Misshapen Teeth', 'Missing Teeth', 'Open Bite', 'Overbite', 'Pain', 'Pediatric Dental Ailments', 'Protruding Front Teeth (Buck Teeth)', 'Receding Gums', 'Stained Teeth (Tooth Discoloration)', 'Swollen Gums', 'Teething', 'Teeth Grinding', 'Teeth Missing', 'Teeth that protrude outward or inward', 'Tender Gums', 'Tooth Abscess', 'Tooth Aches', 'Tooth Cavity', 'Tooth Damage', 'Tooth Decay', 'Tooth Demineralization', 'Tooth Erosion', 'Tooth Loss', 'Tooth Malformation', 'Tooth Sensitivity', 'Underbite']"," 889 Castro St, Mountain View, CA, 94041 ",8.26,"['Mon Closed', 'Tue 9:00 am - 5:00 pm', 'Wed 9:00 am - 5:00 pm', 'Thu 9:00 am - 5:00 pm', 'Fri 9:00 am - 5:00 pm', 'Sat 9:00 am - 5:00 pm', 'Sun Closed']",[]
"Dr. Jeff Powers, DDS",https://doctor.webmd.com/doctor/diana-powers-95f49be5-7ebd-4a06-9dad-4260eef944c5-overview,"['Tooth Decay', 'Tooth Erosion', 'Tooth Aches', 'Bad Breath', 'Tooth Sensitivity', 'Broken Tooth', 'Cavity', 'Dental Abscess / Gum Abscess', 'Missing Teeth']"," 160 Bovet Rd Ste 304, San Mateo, CA, 94402 ",24.89,"['Mon 8:00 am - 5:00 pm', 'Tue 7:10 am - 5:00 pm', 'Wed 7:10 am - 5:00 pm', 'Thu 7:10 am - 5:00 pm', 'Fri Closed', 'Sat Closed', 'Sun Closed']",[' Most Insurance Plans Accepted ']
"Dr. Mahsa Esfandiari, DDS",https://doctor.webmd.com/doctor/mahsa-esfandiari-557af9fd-9465-481a-b07a-248f0cb59c6c-overview,"['Tooth Decay', 'Tooth Erosion', 'Tooth Sensitivity', 'Gum Disease', 'Pediatric Dental Ailments', 'Misaligned Teeth', 'Dental Crowding']"," 14465 S Bascom Ave, Los Gatos, CA, 95032 ",6.35,"['Mon 9:00 am - 6:00 pm', 'Tue 9:00 am - 6:00 pm', 'Wed 9:00 am - 6:00 pm', 'Thu 9:00 am - 6:00 pm', 'Fri 9:00 am - 1:00 pm', 'Sat Closed', 'Sun Closed']","[' Aetna PPO ', ' CIGNA PPO ', ' United Healthcare Dental PPO ', ' Blue Shield CA PPO ', ' Guardian PPO ', ' MetLife ', ' PPO ', ' Medicare ']"
Dr. Raju Yeddula Reddy,https://doctor.webmd.com/doctor/raju-reddy-ea952732-c303-4e62-9fca-29bb56748f19-overview?lid=D118444,[]," 1171 Homestead Rd Ste 175, Santa Clara, CA, 95050 ",0.35,[],"[' United Concordia Advantage Plus 20 ', ' BCBS TN GRID ', ' BCBS TN GRIDPlus ', ' Blue Shield CA Dental PPO ', ' Cigna Dental Radius Network ', '<a href=""https://www.dentalplans.com/dentalplans/vitalsavingsbyaetna?affid=259149&amp;ecd=LHD_Profile"" class=""dental-links"" data-v-1bcc0a90="""">Aetna Vital Dental SavingsPlus Rx</a>', '<a href=""https://www.dentalplans.com/dentalplans/renaissance-dental-plan3?affid=259149&amp;ecd=LHD_Profile"" class=""dental-links"" data-v-1bcc0a90="""">Renaissance Dental Insurance Plan III</a>', '<a href=""https://www.dentalplans.com/dentalplans/vitaldental?affid=259149&amp;ecd=LHD_Profile"" class=""dental-links"" data-v-1bcc0a90="""">Aetna Vital Dental Savings</a>', '<a href=""https://www.dentalplans.com/dentalplans/aetnadentalaccess?affid=259149&amp;ecd=LHD_Profile"" class=""dental-links"" data-v-1bcc0a90="""">Aetna Dental Access</a>']"
Dr. Kevin S. Bang,https://doctor.webmd.com/doctor/kevin-bang-db4d6622-e05a-4098-abe4-e96d477209ed-overview?lid=V10706645,[]," 1200 Scott Blvd Ste 1, Santa Clara, CA, 95050 ",1.08,[],"[' Empire PPO ', ' Blue Cross CA Select HMO ', ' Delta Dental PPO ', ' Delta Dental Premier ', ' Ameritas PPO ', '<a href=""https://www.dentalplans.com/dentalplans/vitalsavingsbyaetna?affid=259149&amp;ecd=LHD_Profile"" class=""dental-links"" data-v-1bcc0a90="""">Aetna Vital Dental SavingsPlus Rx</a>', '<a href=""https://www.dentalplans.com/dentalplans/identalunitedconcordiadentalplan?affid=259149&amp;ecd=LHD_Profile"" class=""dental-links"" data-v-1bcc0a90="""">iDental Discount Plan by United Concordia</a>', '<a href=""https://www.dentalplans.com/dentalplans/vitaldental?affid=259149&amp;ecd=LHD_Profile"" class=""dental-links"" data-v-1bcc0a90="""">Aetna Vital Dental Savings</a>', '<a href=""https://www.dentalplans.com/dentalplans/renaissance-dental-plan3?affid=259149&amp;ecd=LHD_Profile"" class=""dental-links"" data-v-1bcc0a90="""">Renaissance Dental Insurance Plan III</a>', '<a href=""https://www.dentalplans.com/dentalplans/aetnadentalaccess?affid=259149&amp;ecd=LHD_Profile"" class=""dental-links"" data-v-1bcc0a90="""">Aetna Dental Access</a>']"
Dr. Amanda Yun Ge,https://doctor.webmd.com/doctor/yun-ge-0d0914d2-f57e-4e4e-a8d7-74d0aa1ff0f1-overview,"['Acne', 'Abnormal Vaginal Bleeding', 'Acute Upper Respiratory Tract Infections', 'Allergic Rhinitis', 'Auto Injury', 'Autism', 'Back Pain', ""Bell's Palsy"", 'Chronic Fatigue Syndrome', 'Constipation', 'Diabetes Mellitus (DM)', 'Disorders of Lipoid Metabolism', 'Erectile Dysfunction (ED)', 'Female Infertility', 'Insomnia', 'Irritable Bowel Syndrome (IBS)', 'Male Infertility', 'Neck Pain', 'Osteoarthritis', 'Overweight', 'Obesity', 'Premenstrual Syndrome (PMS)', 'Polycystic Ovarian Syndrome (PCOS)', ""Women's Health Issues"", 'Acute Pain', 'Menstrual Disorders', 'Heavy or Frequent Menstruation', 'Irregular Periods', 'Medical Weight loss', 'Joint Pain', 'Body Pain', 'Digestive Issues']"," 1287 Hammerwood Ave, Sunnyvale, CA, 94089 ",18.52,"['Mon Closed', 'Tue 9:00 am - 5:00 pm', 'Wed Closed', 'Thu 9:00 am - 5:00 pm', 'Fri 9:00 am - 6:00 pm', 'Sat Closed', 'Sun 9:30 am - 3:30 pm']","[' Aetna ', ' Anthem Blue Cross ', ' Cigna ', ' United Healthcare ', ' Self Pay ']"
"Dr. Suzanne Carol Bovone , MD",https://doctor.webmd.com/doctor/suzanne-bovone-43413daa-9281-4af9-a802-ffcf8cc34789-overview,"['Female Infertility', 'Uterine Leiomyoma', 'Premenstrual Syndrome (PMS)', 'Herpes Genitalis', 'Endometriosis', 'Abnormal Vaginal Bleeding', 'Uncomplicated or Low Risk Pregnancy and Delivery', 'Ovarian Dysfunction', 'Vitamin D Deficiency', 'Polycystic Ovarian Syndrome (PCOS)', 'Birth Control', 'Pregnancy', 'Infertility', ""Women's Health Issues"", 'Menopausal and Postmenopausal Disorders', 'Menopause', 'Menstrual Disorders', 'Pelvic Pain', 'Abnormal Pap Smears', 'Genital Herpes', 'Pregnancy-Induced Hypertension', 'Spontaneous Abortion', 'Breast Disorders', 'Complicating Pregnancy or Childbirth', 'Conditions of Pregnancy and Delivery']"," 900 E Hamilton Ave Ste 220, Campbell, CA, 95008 ",3.95,"['Mon 8:00 am - 5:00 pm', 'Tue 8:00 am - 5:00 pm', 'Wed 8:00 am - 5:00 pm', 'Thu 8:00 am - 5:00 pm', 'Fri 8:00 am - 5:30 pm', 'Sat Closed', 'Sun Closed']",[' Most Insurance Plans Accepted ']
"Dr. Gul Ahmed Zikria, MD",https://doctor.webmd.com/doctor/gul-zikria-864e84d2-9ea8-4600-8b7f-afc355e7dd3b-overview?lid=GAI2326,"['Breast Disorders', 'Abnormal Vaginal Bleeding', 'Conditions of Pregnancy and Delivery', 'Female Infertility', 'Genital HPV', 'Menopausal and Postmenopausal Disorders', 'Pelvic Inflammatory Disease (PID)', 'Ovarian Dysfunction', 'Uterine Leiomyoma', 'Uncomplicated or Low Risk Pregnancy and Delivery', 'Hemorrhoids']"," 2105 Forest Ave, San Jose, CA, 95128 ",1.58,[],"[' UHC Choice Plus POS ', ' UHC West SignatureValue HMO ', ' Aetna Choice POS II ', ' CIGNA Open Access Plus ', ' Anthem BC Pathway X EPO Network ', ' Aetna HMO Deductible Plan CA only ', ' Aetna Managed Choice POS Open Access ', ' Blue Cross CA Advantage PPO Preferred DirectAccess Plus ', ' Blue Cross CA PPO Prudent Buyer Large Group ', ' Blue Cross CA  PPO Prudent Buyer Small Group ']"
"Dr. Diana Aung, MD",https://doctor.webmd.com/doctor/diana-aung-5c22c095-65bb-4879-a3e9-64e6d13779d4-overview?lid=5085862,"['Genital HPV', 'Hemorrhoids', 'Herpes Genitalis', 'Uterine Leiomyoma', 'Abnormal Vaginal Bleeding', 'Breast Disorders', 'Complicating Pregnancy or Childbirth', 'Polycystic Ovarian Syndrome (PCOS)', 'Menopausal and Postmenopausal Disorders', 'Candidiasis of Vulva and Vagina', 'Uncomplicated or Low Risk Pregnancy and Delivery', 'Conditions of Pregnancy and Delivery', 'Premenstrual Syndrome (PMS)']"," 2105 Forest Ave, San Jose, CA, 95128 ",1.58,[],"[' BCBS Blue Card PPO ', ' Aetna Managed Choice POS Open Access ', ' Health Net PureCare One EPO Individual &amp; Family Plan ', ' BS CA Platinum 90 PPO ', ' Blue Cross CA Select Plus HMO ', ' Aetna HMO Deductible Plan CA only ', ' Blue Shield CA Access Plus HMO ', ' UHC Options PPO ', ' Aetna HMO ', ' Aetna Signature Administrators PPO ']"
"Dr. James William Mccarrick, MD",https://doctor.webmd.com/doctor/james-mccarrick-iii-28427056-dec5-11e7-9f4c-005056a225bf-overview?lid=S543,"['Pregnancy-Induced Hypertension', 'Genital HPV', 'Conditions of Pregnancy and Delivery', 'Hemorrhoids', 'Hypertension (HTN)', 'Polycystic Ovarian Syndrome (PCOS)', 'Female Infertility']"," 751 S Bascom Ave, San Jose, CA, 95128 ",2.55,[],"[' Aetna Elect Choice EPO Open Access ', ' Aetna Innovation Health Aetna Premier Care Network Plus ', ' Aetna Open Choice PPO ', ' Humana / ChoiceCare Network PPO ', ' Medica Choice With UHC ', ' Oscar Northern CA Cigna + Oscar Open Access Plus ', ' UHC SignatureValue HMO - CA ', ' Aetna Choice POS II ', ' Aetna Managed Choice POS Open Access ', ' Oscar CA Cigna + Oscar Open Access Plus ']"
"Dr. Nicola Michael Spirtos, MD",https://doctor.webmd.com/doctor/nicola-spirtos-4288fd46-74d7-4703-b243-670baf31c9e4-overview?lid=V51692,[]," 2105 Forest Ave, San Jose, CA, 95128 ",1.58,"['Mon 12:00 am - 12:00 pm', 'Tue 12:00 am - 12:00 pm', 'Wed 12:00 am - 12:00 pm', 'Thu 12:00 am - 12:00 pm', 'Fri 12:00 am - 12:00 pm']","[' UHC Navigate POS ', ' Aetna HMO ', ' Aetna Choice POS II ', ' Sierra Health Southern Nevada PPO ', ' CIGNA PPO ', ' CIGNA Open Access Plus ', ' BCBS Blue Card PPO ', ' Multiplan PPO ', ' First Health PPO ', ' UHC Choice Plus POS ']"
"Dr. Bindya S. Singh, MD",https://doctor.webmd.com/doctor/bindya-singh-97f4b61f-69d3-4f41-84b9-ca2265819c60-overview?lid=GAI2326,[]," 2105 Forest Ave, San Jose, CA, 95128 ",1.58,[],"[' Blue Cross CA Select Plus HMO ', ' Health Net CA HMO SmartCare ', ' Health Net CA HMO Whole Care Network ', ' Blue Shield CA Local Access Plus HMO ', ' Blue Shield CA 2017 I&amp;F HMO - CoveredCA ', ' Blue Shield CA Silver 70 PPO ', ' Blue Shield CA Access Plus HMO ', ' Aetna Savings Plus of CA ', ' UHC SignatureValue Focus ', ' Blue Cross CA Select PPO ']"
"Dr. Nitish Badhwar, MD",https://doctor.webmd.com/doctor/nitish-badhwar-edbd5caa-67e3-4b6b-9d3e-85c01e6ece75-overview,"['Cardiomyopathy', 'Hypertension (HTN)', 'Atrial Fibrillation and Atrial Flutter', 'Angina Pectoris', 'Cardiac Arrhythmia', 'Conduction Disorders', 'Paroxysmal Supraventricular Tachycardia (PSVT)']"," 300 Pasteur Dr, Stanford, CA, 94305 ",14.17,[],"[' Blue Shield CA Access Plus HMO ', ' Blue Shield CA Bronze 60 PPO SHOP ', ' Aetna Signature Administrators PPO ', ' Health Net CA HMO Employer Group ', ' UHC Choice Plus POS ', ' Oscar Insurance CA ', ' Anthem BC Pathway X EPO Network ', ' Blue Cross CA California Care Large Group HMO ', ' Blue Shield CA Platinum Access+ HMO 25 ', ' BS CA Platinum 90 PPO ']"
"Dr. Juyong Brian Kim, MD",https://doctor.webmd.com/doctor/juyong-kim-289a0938-dec5-11e7-9f4c-005056a225bf-overview,[]," 300 Pasteur Drive, Stanford, CA, 94305 ",13.26,[],"[' Health Net PureCare HSP Individual and Family Plans ', ' Blue Shield CA Bronze Full PPO 4500 ', ' Health Net CA Individual and Family PPO ', ' Health Net PureCare One EPO Individual &amp; Family Plan ', ' BC CA California Care Small Group HMO ', ' Aexcel PPO ', ' MEDICA CHOICE WITH UNITEDHEALTHC ', ' UHC Nexus Open Access ', ' Aetna Elect Choice EPO Open Access ', ' Aetna Innovation Health Aetna Premier Care Network Plus ']"
"Dr. Naim Mahmoud Al-Adli, MD",https://doctor.webmd.com/doctor/naim-al-adli-65144867-7b02-4361-b684-b6fcb2d75624-overview?lid=A7057129,"['Atrial Fibrillation and Atrial Flutter', 'Angina Pectoris', 'Acute Myocardial Infarction (AMI)', 'Cardiac Arrhythmia', 'Ischemic Heart Disease', 'Hypertension (HTN)', 'Heart Failure']"," 131 E Hamilton Ave, Campbell, CA, 95008 ",3.86,"['Mon 8:00 am - 5:00 pm', 'Tue 8:00 am - 5:00 pm', 'Wed 8:00 am - 5:00 pm', 'Thu 8:00 am - 5:00 pm', 'Fri 8:00 am - 5:00 pm', 'Sat Closed', 'Sun Closed']","[' UHC Navigate HMO ', ' CIGNA LocalPlus ', ' CIGNA HMO ', ' Humana National HMO ', ' Multiplan PPO ', ' Humana HMO Premier MRF ', ' Humana Choice POS ', ' Humana HMO Premier ', ' BCBS TX HMO Blue Texas ', ' Imagine Health SmartCare ']"
"Dr. Ronald Witteles, MD",https://doctor.webmd.com/doctor/ronald-witteles-dba61423-0be1-47bd-a848-9af764261c41-overview,"['Aortic Valvular Disease', 'Cardiomyopathy', 'Atrial Fibrillation and Atrial Flutter', 'Mitral Valvular Disease', 'Paroxysmal Supraventricular Tachycardia (PSVT)', 'Congenital Anomalies of the Heart', 'Cardiac Arrhythmia', 'Heart Failure', 'Ischemic Heart Disease', 'Conduction Disorders']"," 300 Pasteur Dr, Stanford, CA, 94305 ",14.17,[],"[' PHCS PPO Kaiser ', ' Aetna Managed Choice POS Open Access ', ' Blue Shield CA Platinum Access+ HMO 25 ', ' UHC Options PPO ', ' Blue Shield CA Platinum Local Access + HMO 25 ', ' Blue Shield CA Local Access Plus HMO ', ' UHC West SignatureValue Advantage HMO Value Network ', ' UHC West SignatureValue HMO ', ' Blue Shield CA Access Plus HMO ', ' UHC Choice Plus POS ']"
"Dr. Norman Lowenbraun, MD",https://doctor.webmd.com/doctor/norman-lowenbraun-af5c5d9a-5b72-4193-ab0b-058c2ca21ccc-overview,"['Acute Myocardial Infarction (AMI)', 'Angina Pectoris', 'Aortic Regurgitation', 'Aortic Valvular Disease', 'Atrial Fibrillation and Atrial Flutter', 'Cardiac Arrhythmia', 'Mitral Valvular Disease', 'Congenital Anomalies of the Heart', 'Pericarditis', 'Heart Failure', 'Ischemic Heart Disease', 'Cardiomyopathy', 'Paroxysmal Supraventricular Tachycardia (PSVT)', 'Conduction Disorders', 'Hypertension (HTN)']"," 2518 Mission College Boulevard, Suite 101, Santa Clara, CA, 95054 ",3.34,[],"[' Blue Cross CA PPO Prudent Buyer Large Group ', ' Blue Shield CA Access Plus HMO ', ' Blue Cross CA Select HMO ', ' Aetna HMO Deductible Plan CA only ', ' UHC West SignatureValue HMO ', ' First Health PPO ', ' Blue Shield CA Bronze Full PPO 4500 ', ' BCBS Pathway EPO ', ' Oscar CA Cigna + Oscar LocalPlus ', ' Oscar CA Cigna + Oscar Open Access Plus ']"
Dr. Rajesh S. Suri,https://doctor.webmd.com/doctor/rajesh-suri-19645b54-3710-4d64-8808-e65c3293f62b-overview?lid=A2894090,"['Acute Myocardial Infarction (AMI)', 'Angina Pectoris', 'Aortic Valvular Disease', 'Atrial Fibrillation and Atrial Flutter', 'Cardiac Arrhythmia', 'Cardiomyopathy', 'Carditis', 'Conduction Disorders', 'Congenital Anomalies of the Heart', 'Hypertension (HTN)', 'Ischemic Heart Disease', 'Mitral Valvular Disease', 'Paroxysmal Supraventricular Tachycardia (PSVT)', 'Pericarditis', 'Heart Failure', 'Congestive Heart Failure', 'Abdominal Aortic Aneurysm', 'Acute Coronary Syndrome (ACS)', 'Chest Pain', 'Shortness of Breath', 'Coronary Artery Disease', 'Carotid Artery Disease', 'DVT (Deep Vein Thrombosis)', 'Diabetes', 'High Cholesterol', 'PAD (Peripheral Artery Disease)', 'Pulmonary Embolism', 'Renovascular Disease', 'Stroke']"," 3155 Kearney St Ste 100, Fremont, CA, 94538 ",12.65,"['Mon 9:00 am - 5:00 pm', 'Tue 9:00 am - 5:00 pm', 'Wed 9:00 am - 5:00 pm', 'Thu 9:00 am - 5:00 pm', 'Fri 9:00 am - 5:00 pm', 'Sat Closed', 'Sun Closed', 'Mon 9:00 am - 5:00 pm', 'Tue 9:00 am - 5:00 pm', 'Wed 9:00 am - 5:00 pm', 'Thu 9:00 am - 5:00 pm', 'Fri 9:00 am - 5:00 pm', 'Sat Closed', 'Sun Closed']","[' Most Insurance Plans Accepted ', ' Aetna HMO ', ' Health Net SmartCare Network HMO Large Group ', ' Aetna Elect Choice EPO Open Access ', ' Aetna Innovation Health Aetna Premier Care Network Plus ', ' Aetna Open Choice PPO ', ' BCBSA Blue Card High Performance Network ', ' Blue Cross CA Anthem Advantage HMO ', ' Blue Cross CA Anthem Blue Connection EPO CA ', ' Blue Cross CA California Care Small Group HMO ']"
"Dr. Kevin Alexander, MD, FACC, FHFSA",https://doctor.webmd.com/doctor/kevin-alexander-28905a28-dec5-11e7-9f4c-005056a225bf-overview,[]," 300 Pasteur Dr, Stanford, CA, 94305 ",14.17,[],"[' Health Net CA Individual and Family PPO ', ' CIGNA PPO ', ' CIGNA Open Access Plus ', ' CIGNA HMO ', ' Aetna Choice POS II ', ' Aetna HMO ', ' BCBS Blue Card PPO ', ' Blue Shield CA PPO ', ' Health Net CA PPO ', ' Multiplan PPO ']"
"Dr. Jennifer Tremmel, MD",https://doctor.webmd.com/doctor/jennifer-tremmel-9a4c9cc8-2ae4-4f84-aa53-0167f062f3c6-overview,"['Mitral Valvular Disease', 'Cardiac Arrhythmia', 'Hypertension (HTN)', 'Angina Pectoris', 'Atrial Fibrillation and Atrial Flutter', 'Cardiomyopathy', 'Ischemic Heart Disease', 'Congenital Anomalies of the Heart']"," 300 Pasteur Dr Ste A260, Stanford, CA, 94305 ",14.17,"['Mon 8:30 am - 5:00 pm', 'Tue 8:30 am - 5:00 pm', 'Wed 8:30 am - 5:00 pm', 'Thu 8:30 am - 5:00 pm', 'Fri 8:30 am - 5:00 pm', 'Sat Closed', 'Sun Closed']","[' Blue Shield CA Access Plus Savenet ', ' Blue Shield CA PPO ', ' Blue Cross CA  PPO Prudent Buyer Small Group ', ' Multiplan PPO ', ' Blue Shield CA Bronze Full PPO 4500 ', ' Aetna Choice POS II ', ' Blue Cross CA PPO Prudent Buyer Individual ', ' Blue Shield CA Local Access Plus HMO ', ' First Health PPO ', ' CIGNA PPO ']"
"Dr. Kiran Kaur Khush, MD",https://doctor.webmd.com/doctor/kiran-khush-dd40dfc1-d069-4b79-913e-f62b2ceb42c4-overview,"['Cardiac Arrhythmia', 'Mitral Valvular Disease', 'Cardiomyopathy', 'Acute Myocardial Infarction (AMI)', 'Aortic Regurgitation', 'Atrial Fibrillation and Atrial Flutter', 'Hypertension (HTN)', 'Heart Failure', 'Paroxysmal Supraventricular Tachycardia (PSVT)']"," 300 Pasteur Drive, Stanford, CA, 94305 ",13.26,[],"[' Blue Cross CA  PPO Prudent Buyer Small Group ', ' Blue Cross CA PPO Prudent Buyer Individual ', ' CIGNA PPO ', ' First Health PPO ', ' Blue Shield CA Platinum Local Access + HMO 25 ', ' BCBS Blue Card PPO ', ' Blue Shield CA PPO ', ' CIGNA Open Access Plus ', ' CIGNA HMO ', ' Aetna Choice POS II ']"
"Dr. Matthew Wheeler, MD",https://doctor.webmd.com/doctor/matthew-wheeler-288f6262-dec5-11e7-9f4c-005056a225bf-overview,"['Atrial Fibrillation and Atrial Flutter', 'Cardiac Arrhythmia', 'Cardiomyopathy', 'Conduction Disorders', 'Heart Failure', 'Hypertension (HTN)', 'Ischemic Heart Disease']"," 300 Pasteur Dr, Stanford, CA, 94305 ",14.17,[],"[' CIGNA PPO ', ' CIGNA Open Access Plus ', ' CIGNA HMO ', ' Aetna Choice POS II ', ' Aetna HMO ', ' Blue Cross CA PPO Prudent Buyer Large Group ', ' BCBS Blue Card PPO ', ' Blue Cross CA California Care Large Group HMO ', ' Blue Shield CA PPO ', ' Health Net CA PPO ']"
Dr. Julia Getzelman,https://doctor.webmd.com/doctor/julia-getzelman-5f0b8fc1-e29e-4669-b9ce-ffa05affbb78-overview?lid=A9202971,"['Acute Conjunctivitis', 'Attention Deficit Disorder (ADD)', 'Bronchial Asthma', 'Otitis Media', 'Skin and Subcutaneous Infections', 'Pediatric Ailments', 'Children with developmental disorders', 'Cold and Flu', 'Pink Eye', 'Sports Injuries of the Hand/Wrist', 'Sports injury', 'Food Allergies', 'Food Sensitivities', 'Infections', 'Acne', 'Acute Bronchitis', 'Acute Otitis Externa', 'Acute Pharyngitis', 'Acute Sinusitis', 'Acute Upper Respiratory Tract Infections', 'Allergic Rhinitis', 'Anal Fissure', 'Anemia', 'Eczema', 'Back Pain', 'Bacterial Food Poisoning', 'Bacterial Pneumonia', 'Bad Breath', 'Burns', 'Candidiasis of Vulva and Vagina', 'Chickenpox', 'Chronic Bronchitis', 'Chronic Sinusitis', 'Constipation', 'Contact Dermatitis', 'Croup', 'Dehydration', 'Eye Allergies', 'Gastroesophageal Reflux Disease (GERD)', 'Infectious Mononucleosis', 'Influenza', 'Insomnia', 'Iron Deficiency Anemia', 'Pneumonia', 'Sunburn', 'Urinary Tract Infection (UTI)']"," 1701 Church Street, San Francisco, CA, 94131 ",38.19,"['Mon 9:00 am - 5:00 pm', 'Tue 9:00 am - 5:00 pm', 'Wed 9:00 am - 5:00 pm', 'Thu 9:00 am - 5:00 pm', 'Fri 9:00 am - 5:00 pm', 'Sat Closed', 'Sun Closed', 'Mon 9:00 am - 5:00 pm', 'Tue 9:00 am - 5:00 pm', 'Wed 9:00 am - 5:00 pm', 'Thu 9:00 am - 5:00 pm', 'Fri 9:00 am - 5:00 pm', 'Sat Closed', 'Sun Closed']",[' Membership Plans ']
"Dr. Tammy Nguyen, DO",https://doctor.webmd.com/doctor/tammy-nguyen-90dcb32c-8d25-43ae-9e14-f91334f6acd0-overview,"['Diabetes Mellitus (DM)', 'Obesity', 'Hypertension (HTN)', 'Hypothyroidism', 'Anemia', 'Anxiety Phobic Disorders', 'Osteoarthritis', 'Allergic Rhinitis', 'Disorders of Lipoid Metabolism', 'Skin and Subcutaneous Infections', 'Acute Pharyngitis', 'Female Infertility', 'Back Pain', 'Bacterial Food Poisoning', 'Chickenpox']"," 16360 Monterey Rd Ste 270, Morgan Hill, CA, 95037 ",22.84,"['Mon 8:00 am - 5:00 pm', 'Tue 8:00 am - 5:00 pm', 'Wed 8:00 am - 5:00 pm', 'Thu 8:00 am - 5:00 pm', 'Fri 8:00 am - 5:00 pm', 'Sat Closed', 'Sun Closed']",[' Most insurances accepted. Call us with any questions. ']
"Dr. Dagmar Maria Horvath, MD",https://doctor.webmd.com/doctor/dagmar-horvath-d17d1e46-8bdd-403a-a7c0-e41861c36a0a-overview?lid=V10457400,"['Anxiety Phobic Disorders', 'Pneumonia', 'Acute Conjunctivitis', 'Acute Sinusitis', 'Vitamin D Deficiency', 'Allergic Rhinitis', 'Otitis Media', 'Bronchial Asthma', 'Acute Upper Respiratory Tract Infections', 'Skin and Subcutaneous Infections', 'Dehydration', 'Attention Deficit Disorder (ADD)', 'Acute Pharyngitis', 'Iron Deficiency Anemia', 'Eczema', 'Constipation']"," 2101 Forest Ave Ste 130, San Jose, CA, 95128 ",1.51,[],"[' Humana Choice POS ', ' BS CA Platinum 90 PPO ', ' First Health PPO ', ' Blue Shield CA Silver 70 PPO ', ' Aetna Managed Choice POS Open Access ', ' Blue Shield CA Bronze 60 PPO SHOP ', ' Health Net PureCare One EPO Individual &amp; Family Plan ', ' UHC Options PPO ', ' PHCS PPO ', ' Health Net CA Individual and Family PPO ']"
"Dr. Roshan Raja, DO",https://doctor.webmd.com/doctor/roshan-raja-434fde16-a959-de11-86ed-001f29e3bb62-overview?lid=5085862,[]," 2105 Forest Ave, San Jose, CA, 95128 ",1.58,"['Mon 8:30 am - 5:00 pm', 'Tue 8:30 am - 5:00 pm', 'Wed 8:30 am - 5:00 pm', 'Thu 8:30 am - 5:00 pm', 'Fri 8:30 am - 5:00 pm', 'Sat Closed', 'Sun Closed']","[' UHC Navigate HMO ', ' UHC Navigate POS ', ' Aetna Choice POS II ', ' First Health PPO ', ' Anthem HMO Nevada ', ' One Health Network ', ' Anthem NV Pathway PPO ', ' CIGNA HMO ', ' Multiplan PPO ', ' Anthem PPO ']"
"Dr. Fareeda N. Adeeb, MD",https://doctor.webmd.com/doctor/fareeda-adeeb-8b36e7bf-bccc-4e01-8ecc-5770ac09265a-overview?lid=5085862,"['Epilepsy', 'Burns', 'Anemia', 'Chronic Sinusitis', 'Attention Deficit Disorder (ADD)', 'Urinary Incontinence', 'Hearing Loss', 'Pneumonia', 'Acute Conjunctivitis', 'Congenital Anomalies of the Heart', 'Acute Bronchitis', 'Acute Pharyngitis', 'Plantar Warts', 'Eczema', 'Undescended and Retractile Testicle', 'Bronchial Asthma', 'Autism', 'Allergic Rhinitis', 'Constipation', 'Acute Upper Respiratory Tract Infections', 'Acute Sinusitis']"," 2105 Forest Ave, San Jose, CA, 95128 ",1.58,[],"[' CIGNA LocalPlus ', ' Blue Cross CA California Care Large Group HMO ', ' Blue Shield CA Local Access Plus HMO ', ' Blue Cross CA PPO Prudent Buyer Large Group ', ' Blue Cross CA Advantage PPO Preferred DirectAccess Plus ', ' Health Net EPO - PureCare One Small Business ', ' Health Net SmartCare Large Group ', ' BCBS Blue Card PPO ', ' Blue Shield CA Bronze 60 PPO SHOP ', ' Blue Cross CA Select HMO ']"
"Dr. Bindya S. Singh, MD",https://doctor.webmd.com/doctor/bindya-singh-97f4b61f-69d3-4f41-84b9-ca2265819c60-overview?lid=GAI2326,[]," 2105 Forest Ave, San Jose, CA, 95128 ",1.58,[],"[' Blue Cross CA Select Plus HMO ', ' Health Net CA HMO SmartCare ', ' Health Net CA HMO Whole Care Network ', ' Blue Shield CA Local Access Plus HMO ', ' Blue Shield CA 2017 I&amp;F HMO - CoveredCA ', ' Blue Shield CA Silver 70 PPO ', ' Blue Shield CA Access Plus HMO ', ' Aetna Savings Plus of CA ', ' UHC SignatureValue Focus ', ' Blue Cross CA Select PPO ']"
"Dr. James Chaiho Kim, MD",https://doctor.webmd.com/doctor/james-kim-25d0910e-751a-4a66-8e99-2ae5d63c9aed-overview?lid=5384319,"['Acute Conjunctivitis', 'Acute Upper Respiratory Tract Infections', 'Allergic Rhinitis', 'Eczema', 'Otitis Media', 'Pneumonia', 'Urinary Incontinence', 'Cleft Palate', 'Poisoning by Drugs, Meds, or Biological Substances', 'Epilepsy', 'Constipation', 'Chronic Sinusitis']"," 2652 El Camino Real, Santa Clara, CA, 95051 ",1.95,"['Mon 8:00 am - 5:00 pm', 'Tue 8:00 am - 5:00 pm', 'Wed 8:00 am - 5:00 pm', 'Thu 8:00 am - 5:00 pm', 'Fri 8:00 am - 5:00 pm', 'Sat Closed', 'Sun Closed', 'Mon 9:00 am - 5:00 pm', 'Tue 9:00 am - 5:00 pm', 'Wed 9:00 am - 5:00 pm', 'Thu 9:00 am - 5:00 pm', 'Fri 9:00 am - 5:00 pm', 'Sat Closed', 'Sun Closed']","[' Aetna Signature Administrators PPO ', ' Blue Cross CA PPO Prudent Buyer Individual ', ' PHCS PPO ', ' UHC Options PPO ', ' BCBS Blue Card PPO ', ' Blue Shield CA Access Plus HMO ', ' Blue Shield CA PPO ', ' Blue Shield CA Platinum Access+ HMO 25 ', ' Multiplan PPO ', ' Blue Shield CA Bronze 60 PPO SHOP ']"
"Dr. Patrick Stephen Clyne, MD",https://doctor.webmd.com/doctor/patrick-clyne-8afc8a37-3c1b-4d50-9553-663ccf4094d7-overview?lid=5393729,"['Urinary Incontinence', 'Influenza', 'Anemia', 'Burns', 'Pulmonary Tuberculosis (TB)', 'Cleft Palate', 'Constipation', 'Acute Bronchitis', 'Acute Sinusitis', 'Inguinal Hernia', 'Mitral Valvular Disease', 'Eating Disorders', 'Acute Upper Respiratory Tract Infections', 'Infectious Mononucleosis', 'Acute Conjunctivitis', 'Viral Meningitis', 'Bronchial Asthma', 'Congenital Anomalies of the Heart', 'Acute Pharyngitis', 'Abdominal Hernia', 'Anxiety Dissociative and Somatoform Disorders', 'Autism', 'Anxiety Phobic Disorders', 'Epilepsy', 'Skin and Subcutaneous Infections', 'Allergic Rhinitis', 'Otitis Media', 'Vitamin D Deficiency', 'Pneumonia', 'Eczema', 'Plantar Warts', 'Attention Deficit Disorder (ADD)', 'Undescended and Retractile Testicle']"," 751 S Bascom Ave, San Jose, CA, 95128 ",2.55,[],"[' Health Net PureCare One EPO Individual &amp; Family Plan ', ' Aetna HMO ', ' CIGNA Open Access Plus ', ' Blue Shield CA Access Plus HMO ', ' Health Net CA Individual and Family PPO ', ' Aetna Signature Administrators PPO ', ' CIGNA HMO ', ' Health Net CA PPO ', ' Blue Shield CA Bronze 60 PPO SHOP ', ' Health Net EPO - PureCare One Small Business ']"
"Dr. Angelo David Palermo, MD",https://doctor.webmd.com/doctor/angelo-palermo-8ff39ab7-decb-468a-acec-55266e7d1c40-overview?lid=5384319,"['Acute Bronchitis', 'Acute Conjunctivitis', 'Acute Pharyngitis', 'Acute Upper Respiratory Tract Infections', 'Allergic Rhinitis', 'Bronchial Asthma', 'Skin and Subcutaneous Infections', 'Pneumonia', 'Iron Deficiency Anemia', 'Eczema', 'Otitis Media']"," 2652 El Camino Real, Santa Clara, CA, 95051 ",1.95,"['Mon 8:00 am - 5:00 pm', 'Tue 8:00 am - 5:00 pm', 'Wed 8:00 am - 5:00 pm', 'Thu 8:00 am - 5:00 pm', 'Fri 8:00 am - 5:00 pm', 'Sun Closed', 'Mon 8:30 am - 5:00 pm', 'Tue 8:30 am - 5:00 pm', 'Wed 8:30 am - 5:00 pm', 'Thu 8:30 am - 5:00 pm', 'Fri 8:30 am - 5:00 pm', 'Sun Closed', 'Mon 8:30 am - 5:00 pm', 'Tue 8:30 am - 5:00 pm', 'Wed 8:30 am - 5:00 pm', 'Thu 8:30 am - 5:00 pm', 'Fri 8:30 am - 5:00 pm', 'Sat Closed', 'Sun Closed']","[' Aetna Managed Choice POS Open Access ', ' BS CA Platinum 90 PPO ', ' Blue Shield CA PPO ', ' Aetna Signature Administrators PPO ', ' PHCS PPO ', ' Blue Shield CA Access Plus HMO ', ' HMO Preferred ', ' Oscar Circle ', ' Oscar Circle Plus ', ' Regional Preferred ']"
"Dr. Andrew Lozano, MD",https://doctor.webmd.com/doctor/andrew-lozano-jr-7fdefe1c-727b-4979-81ab-173d2cb17fd8-overview?lid=GAI2326,[]," 2105 Forest Ave, San Jose, CA, 95128 ",1.58,"['Mon 8:30 am - 5:30 pm', 'Tue 8:30 am - 5:30 pm', 'Wed 8:30 am - 5:30 pm', 'Thu 8:30 am - 5:30 pm', 'Fri 8:30 am - 5:30 pm', 'Sat Closed', 'Sun Closed', 'Mon 8:00 am - 5:00 pm', 'Tue 8:00 am - 5:00 pm', 'Wed 8:00 am - 5:00 pm', 'Thu 8:00 am - 5:00 pm', 'Fri 8:00 am - 5:00 pm', 'Sat Closed', 'Sun Closed']","[' CIGNA PPO ', ' CIGNA Open Access Plus ', ' CIGNA HMO ', ' Aetna Choice POS II ', ' Blue Cross CA PPO Prudent Buyer Large Group ', ' BCBS Blue Card PPO ', ' Multiplan PPO ', ' First Health PPO ', ' UHC Choice Plus POS ', ' UHC Options PPO ']"
"Dr. Raffi Avedian, MD",https://doctor.webmd.com/doctor/raffi-avedian-b7c1abac-7df2-4658-a58d-ad554894979e-overview,[]," 450 Broadway St, Redwood City, CA, 94063 ",17.24,"['Mon 8:30 am - 5:00 pm', 'Tue 8:30 am - 5:00 pm', 'Wed 8:30 am - 5:00 pm', 'Thu 8:30 am - 5:00 pm', 'Fri 8:30 am - 5:00 pm', 'Sat Closed', 'Sun Closed']","[' Blue Shield CA Access Plus Savenet ', ' First Health PPO ', ' Blue Cross CA PPO Prudent Buyer Large Group ', ' Health Net EPO - PureCare One Small Business ', ' UHC West SignatureValue HMO ', ' Blue Cross CA Advantage PPO Preferred DirectAccess Plus ', ' Blue Shield CA PPO ', ' Blue Shield CA Bronze Full PPO 4500 ', ' UHC West SignatureValue Advantage HMO Value Network ', ' PHCS PPO Kaiser ']"
"Dr. David E. Oji, MD",https://doctor.webmd.com/doctor/david-oji-7b295944-73ae-4ab8-af0c-a5f047bce76a-overview,"['Internal Derangement of Knee', 'Fractures, Dislocations, Derangement, and Sprains', 'Internal Derangement of Knee Ligaments', 'Internal Derangement of Knee Cartilage', 'Spinal Stenosis', 'Lateral Epicondylitis', 'Scoliosis or Kyphoscoliosis', 'Rotator cuff syndrome', 'Rheumatoid Arthritis', 'Osteoarthritis']"," 555 Knowles Drive, Suite 201, Los Gatos, CA, 95032 ",8.26,[],"[' Aetna HMO Deductible Plan CA only ', ' Aetna HMO ', ' UHC West SignatureValue HMO ', ' PHCS PPO Kaiser ', ' Aetna Managed Choice POS Open Access ', ' CIGNA PPO ', ' UHC Options PPO ', ' CIGNA LocalPlus ', ' CIGNA Open Access Plus ', ' Aetna Signature Administrators PPO ']"
"Dr. Catherine Curtin, MD",https://doctor.webmd.com/doctor/catherine-curtin-b69df6a0-7d6f-4be0-ad51-154c02254a31-overview,[]," 450 Broadway St, Redwood City, CA, 94063 ",17.24,"['Mon 8:30 am - 5:00 pm', 'Tue 8:30 am - 5:00 pm', 'Wed 8:30 am - 5:00 pm', 'Thu 8:30 am - 5:00 pm', 'Fri 8:30 am - 5:00 pm', 'Sat Closed', 'Sun Closed']","[' Aetna Managed Choice POS Open Access ', ' BCBS Blue Card PPO ', ' PHCS PPO Kaiser ', ' Health Net CA Individual and Family PPO ', ' Aetna Signature Administrators PPO ', ' Multiplan PPO ', ' Blue Cross CA Select PPO ', ' Blue Cross CA PPO Prudent Buyer Large Group ', ' First Health PPO ', ' UHC Choice Plus POS ']"
"Dr. John Tsuchi Kao, MD",https://doctor.webmd.com/doctor/john-kao-0e652e66-ed1f-4523-9b89-0f8a492680ec-overview?lid=GAI1270476,"['Fractures, Dislocations, Derangement, and Sprains', 'Internal Derangement of Knee', 'Internal Derangement of Knee Cartilage', 'Internal Derangement of Knee Ligaments', 'Lateral Epicondylitis', 'Rotator cuff syndrome']"," 900 LAFAYETTE ST STE 105, Santa Clara, CA, 95050 ",0.18,"['Mon 8:30 am - 5:00 pm', 'Tue 8:30 am - 5:00 pm', 'Wed 8:30 am - 5:00 pm', 'Thu 8:30 am - 5:00 pm', 'Fri 8:30 am - 5:00 pm', 'Sat Closed', 'Sun Closed', 'Mon 8:00 am - 5:00 pm', 'Tue 8:00 am - 5:00 pm', 'Wed 8:00 am - 5:00 pm', 'Thu 8:00 am - 5:00 pm', 'Fri 8:00 am - 5:00 pm', 'Sat Closed', 'Sun Closed']","[' CIGNA PPO ', ' Health Net CA PPO ', ' Health Net PureCare HSP Individual and Family Plans ', ' CIGNA LocalPlus ', ' CIGNA Open Access Plus ', ' UHC Navigate HMO ', ' UHC Navigate POS ', ' Health Net PureCare One EPO Individual &amp; Family Plan ', ' Blue Shield CA Bronze Full PPO 4500 ', ' Aetna Elect Choice EPO Open Access ']"
"Dr. Nathan Hart, MD",https://doctor.webmd.com/doctor/nathan-hart-2920a0ce-dec5-11e7-9f4c-005056a225bf-overview?lid=S543,[]," 751 S Bascom Ave, San Jose, CA, 95128 ",2.55,[],"[' Kaiser Permanente ', ' California - Northern ', ' Senior Advantage Medicare Cost ', ' Kaiser Permanente California - Northern ']"
"Dr. Theodore Scott Bucklin, MD",https://doctor.webmd.com/doctor/theodore-bucklin-8d9f8992-66b1-4e3f-9a98-e4fc33f57c79-overview?lid=5527448,[]," 710 Lawrence Expy Ste 148, Santa Clara, CA, 95051 ",3.24,"['Mon 9:00 am - 5:00 pm', 'Tue 9:00 am - 5:00 pm', 'Wed 9:00 am - 5:00 pm', 'Thu 9:00 am - 5:00 pm', 'Fri 9:00 am - 5:00 pm', 'Sun Closed']","[' Kaiser Permanente ', ' California - Northern ', ' Senior Advantage Medicare Cost ', ' Kaiser Permanente California - Northern ']"
"Dr. Kerisimasi Lee Reynolds, DO",https://doctor.webmd.com/doctor/kerisimasi-reynolds-7fb9e10d-4309-4aea-8717-d9e9e3010dcb-overview?lid=V10535445,[]," 550 S Winchester Blvd Ste 100, San Jose, CA, 95128 ",2.29,"['Mon 8:00 am - 5:00 pm', 'Tue 8:00 am - 5:00 pm', 'Wed 8:00 am - 5:00 pm', 'Thu 8:00 am - 5:00 pm', 'Fri 8:00 am - 4:00 pm', 'Sat Closed', 'Sun Closed', 'Mon 6:00 am - 4:30 pm', 'Tue 6:00 am - 4:30 pm', 'Wed 6:00 am - 4:30 pm', 'Thu 6:00 am - 4:30 pm', 'Fri 6:00 am - 4:30 pm', 'Sun Closed', 'Mon 8:00 am - 5:00 pm', 'Tue 8:00 am - 5:00 pm', 'Wed 8:00 am - 5:00 pm', 'Thu 8:00 am - 5:00 pm', 'Fri 8:00 am - 5:00 pm', 'Sun Closed', 'Mon 8:00 am - 5:00 pm', 'Tue 8:00 am - 5:00 pm', 'Wed 8:00 am - 5:00 pm', 'Thu 8:00 am - 5:00 pm', 'Fri 8:00 am - 5:00 pm', 'Sat Closed', 'Sun Closed']","[' Blue Cross CA PPO Prudent Buyer Individual ', ' CIGNA PPO ', ' Blue Cross CA Advantage PPO Preferred DirectAccess Plus ', ' Blue Shield CA PPO ', ' CIGNA Open Access Plus ', ' CIGNA HMO ', ' Blue Cross CA PPO Prudent Buyer Large Group ', ' Blue Cross CA Pathway X PPO ', ' UHC Choice Plus POS ', ' First Health PPO ']"
"Dr. Tung Ba Le, MD",https://doctor.webmd.com/doctor/tung-le-2979b2ea-dec5-11e7-9f4c-005056a225bf-overview?lid=S1601,[]," 700 Lawrence Expy, Santa Clara, CA, 95051 ",3.31,[],"[' Kaiser Permanente ', ' California - Northern ', ' Senior Advantage Medicare Cost ', ' Kaiser Permanente California - Northern ']"
"Dr. Stephanie Marie Gancarczyk, MD",https://doctor.webmd.com/doctor/stephanie-gancarczyk-288761ac-dec5-11e7-9f4c-005056a225bf-overview?lid=V10049128,[]," 751 S Bascom Ave, San Jose, CA, 95128 ",2.55,"['Mon 8:30 am - 5:30 pm', 'Tue 8:30 am - 5:30 pm', 'Wed 8:30 am - 5:30 pm', 'Thu 8:30 am - 5:30 pm', 'Fri 8:30 am - 5:30 pm', 'Sat Closed', 'Sun Closed']","[' Kaiser Permanente ', ' California - Northern ', ' Senior Advantage Medicare Cost ', ' Kaiser Permanente California - Northern ']"
"Dr. Jeffrey Scott Margolis, MD",https://doctor.webmd.com/doctor/jeffrey-margolis-9dbc6b7f-c70c-490b-be9c-65d8066afb95-overview?lid=V10049128,[]," 751 S Bascom Ave, San Jose, CA, 95128 ",2.55,[],"[' Kaiser Permanente ', ' California - Northern ', ' Senior Advantage Medicare Cost ', ' Kaiser Permanente California - Northern ']"
"Dr. Frank Landon Clark, MD",https://doctor.webmd.com/doctor/f-clark-2441eb9f-9cc6-46c4-af1e-aa4b19ae7a60-overview?lid=5605448,"['Acne', 'Hair Loss', 'Eczema', 'Contact Dermatitis', 'Skin Rash', 'Plantar Warts', 'Skin Cancer', 'Tinea Unguium', ""Athlete's Foot"", 'Psoriasis', 'Rosacea']"," 401 Old San Francisco Rd, Sunnyvale, CA, 94086 ",4.2,"['Mon 8:00 am - 5:00 pm', 'Tue 8:00 am - 5:00 pm', 'Wed 8:00 am - 5:00 pm', 'Thu 8:00 am - 5:00 pm', 'Fri 8:00 am - 5:00 pm', 'Sun Closed', 'Mon 9:00 am - 5:00 pm', 'Tue 9:00 am - 5:00 pm', 'Wed 9:00 am - 5:00 pm', 'Thu 9:00 am - 5:00 pm', 'Fri 9:00 am - 5:00 pm', 'Sat Closed', 'Sun Closed', 'Mon 8:00 am - 5:00 pm', 'Tue 8:00 am - 5:00 pm', 'Wed 8:00 am - 5:00 pm', 'Thu 8:00 am - 5:00 pm', 'Fri 8:00 am - 5:00 pm', 'Sat Closed', 'Sun Closed', 'Mon 8:00 am - 5:30 pm', 'Tue 8:00 am - 5:30 pm', 'Wed 8:00 am - 5:30 pm', 'Thu 8:00 am - 5:30 pm', 'Fri 8:00 am - 5:30 pm', 'Sun Closed', 'Mon 8:00 am - 5:00 pm', 'Tue 8:00 am - 5:00 pm', 'Wed Closed', 'Thu 8:00 am - 5:00 pm', 'Fri 8:00 am - 5:00 pm', 'Sat Closed', 'Sun Closed']","[' Humana Choice POS ', ' Blue Cross CA PPO Prudent Buyer Large Group ', ' Blue Cross CA PPO Prudent Buyer Individual ', ' Blue Cross CA  PPO Prudent Buyer Small Group ', ' Aetna Savings Plus of CA ', ' Blue Cross CA Advantage PPO Preferred DirectAccess Plus ', ' UHC West SignatureValue HMO ', ' Oscar CA Cigna + Oscar Open Access Plus ', ' Aetna Elect Choice EPO Open Access ', ' Aetna Innovation Health Aetna Premier Care Network Plus ']"
"Dr. Visoth Chhiap, MD",https://doctor.webmd.com/doctor/visoth-chhiap-8c78bfdb-e527-4bb0-931c-ac630beb8671-overview?lid=5085862,"['Acne', 'Hair Loss', 'Eczema', 'Contact Dermatitis', 'Skin Rash', 'Plantar Warts', 'Rosacea', 'Psoriasis', 'Tinea Unguium', 'Skin Cancer', ""Athlete's Foot""]"," 2105 Forest Ave, San Jose, CA, 95128 ",1.96,"['Mon 9:00 am - 5:00 pm', 'Tue 9:00 am - 5:00 pm', 'Wed 9:00 am - 5:00 pm', 'Thu 9:00 am - 5:00 pm', 'Fri 9:00 am - 5:00 pm', 'Sat Closed', 'Sun Closed']","[' UHC West SignatureValue Advantage HMO Value Network ', ' Health Net PureCare HSP Individual and Family Plans ', ' CIGNA LocalPlus ', ' Blue Shield CA Access Plus HMO ', ' Blue Shield CA Trio ACO HMO ', ' Blue Shield CA Access Plus Savenet ', ' Aetna Managed Choice POS Open Access ', ' Blue Shield CA Silver 70 PPO ', ' Blue Cross CA Select HMO ', ' Health Net CA HMO Whole Care Network ']"
"Dr. Anthony Joseph Badame, MD",https://doctor.webmd.com/doctor/anthony-badame-4b70d530-370f-4b3e-a9e3-1270188f187f-overview?lid=5085862,"[""Athlete's Foot"", 'Contact Dermatitis', 'Skin Rash', 'Plantar Warts', 'Eczema', 'Skin Cancer', 'Melanoma', 'Hair Loss', 'Dermatitis', 'Psoriasis', 'Tinea Unguium', 'Acne', 'Rosacea']"," 2105 Forest Ave, San Jose, CA, 95128 ",1.96,[],"[' BS CA Platinum 90 PPO ', ' Blue Cross CA Select PPO ', ' Aetna Savings Plus of CA ', ' CIGNA Open Access Plus ', ' UHC Options PPO ', ' BCBS Blue Card PPO ', ' Blue Shield CA Bronze 60 PPO SHOP ', ' Blue Cross CA  PPO Prudent Buyer Small Group ', ' UHC Navigate POS ', ' Blue Shield CA PPO ']"
"Dr. Jennifer Ahimsa Baron, MD",https://doctor.webmd.com/doctor/jennifer-baron-81efb074-6b94-439c-afe7-740e059032af-overview?lid=5502827,"['Acne', 'Eczema', 'Sunburn', ""Athlete's Foot"", 'Psoriasis', 'Contact Dermatitis', 'Plantar Warts', 'Skin Cancer', 'Skin Rash']"," 123 Di Salvo Ave Ste A, San Jose, CA, 95128 ",2.04,"['Mon 9:00 am - 5:00 pm', 'Tue 9:00 am - 5:00 pm', 'Wed 9:00 am - 5:00 pm', 'Thu 9:00 am - 5:00 pm', 'Fri 9:00 am - 5:00 pm', 'Sat Closed', 'Sun Closed']","[' Aetna Managed Choice POS Open Access ', ' PHCS PPO ', ' CIGNA LocalPlus ', ' UHC Navigate HMO ', ' Aetna Savings Plus of CA ', ' Aetna Elect Choice EPO Open Access ', ' Aetna Innovation Health Aetna Premier Care Network Plus ', ' Multiplan PPO ', ' Health Net CA Individual and Family PPO ', ' UHC SignatureValue Focus ']"
"Dr. Mary Ellen Horner, MD",https://doctor.webmd.com/doctor/mary-horner-502e2efd-7788-4c8d-a4b0-bf64d4bc1177-overview?lid=V45769,"['Acne', 'Eczema', 'Contact Dermatitis', 'Plantar Warts', 'Melanoma', 'Psoriasis', 'Skin Rash', 'Hair Loss', ""Athlete's Foot"", 'Skin Cancer', 'Rosacea', 'Tinea Unguium']"," 190 Ryland St, San Jose, CA, 95110 ",3.21,[],"[' Blue Cross CA  PPO Prudent Buyer Small Group ', ' Blue Shield CA Platinum Access+ HMO 25 ', ' Health Net CA HMO Whole Care Network ', ' Blue Cross CA PPO Prudent Buyer Large Group ', ' Blue Cross CA California Care Large Group HMO ', ' CIGNA HMO ', ' Aetna Choice POS II ', ' Blue Shield CA Access Plus HMO ', ' Blue Cross CA PPO Prudent Buyer Individual ', ' Blue Cross CA Select Plus HMO ']"
"Dr. Marie Bernadette Britz, MD",https://doctor.webmd.com/doctor/marie-britz-c791c7e9-68a1-423c-be0d-3c3cbb619280-overview?lid=5085862,"['Acne', 'Hair Loss', 'Eczema', 'Contact Dermatitis', 'Skin Rash', 'Skin Cancer', 'Rosacea', 'Plantar Warts', 'Tinea Unguium', 'Psoriasis']"," 2105 Forest Ave, San Jose, CA, 95128 ",1.96,[],"[' Aetna Savings Plus of CA ', ' BS CA Platinum 90 PPO ', ' UHC Choice Plus POS ', ' Blue Cross CA Select HMO ', ' UHC West SignatureValue Advantage HMO Value Network ', ' Health Net CA PPO ', ' Blue Cross CA California Care Large Group HMO ', ' Aetna HMO ', ' BCBS Blue Card PPO ', ' Blue Cross CA Select Plus HMO ']"
"Dr. Erik Stephen Cabral, MD",https://doctor.webmd.com/doctor/erik-cabral-b812e4a4-3abb-4e44-9aeb-a20901a74428-overview?lid=5038555,"['Acne', 'Hair Loss', 'Eczema', 'Contact Dermatitis', 'Melanoma', ""Athlete's Foot"", 'Rosacea', 'Skin Rash', 'Psoriasis', 'Plantar Warts', 'Skin Cancer']"," 995 Montague Expy Ste 111, Milpitas, CA, 95035 ",5.75,"['Mon 8:00 am - 4:30 pm', 'Tue 8:00 am - 4:30 pm', 'Wed 8:00 am - 4:30 pm', 'Thu 8:00 am - 4:30 pm', 'Fri 8:00 am - 4:30 pm', 'Sat Closed', 'Sun Closed', 'Mon 8:30 am - 5:00 pm', 'Tue 8:30 am - 5:00 pm', 'Wed 8:30 am - 5:00 pm', 'Thu 8:30 am - 5:00 pm', 'Fri 8:30 am - 4:00 pm', 'Sat Closed', 'Sun Closed', 'Mon 8:00 am - 5:00 pm', 'Tue 8:00 am - 5:00 pm', 'Wed 8:00 am - 5:00 pm', 'Thu 8:00 am - 5:00 pm', 'Fri 8:00 am - 5:00 pm', 'Sun Closed', 'Mon 8:00 am - 5:00 pm', 'Tue 8:00 am - 5:00 pm', 'Wed 8:00 am - 7:00 pm', 'Thu 8:00 am - 5:00 pm', 'Fri 8:00 am - 5:00 pm', 'Sat 8:00 am - 2:00 pm', 'Sun Closed', 'Mon 7:30 am - 4:00 pm', 'Tue 7:30 am - 4:00 pm', 'Wed 8:00 am - 6:00 pm', 'Thu 7:30 am - 6:00 pm', 'Fri 7:30 am - 4:00 pm', 'Sun Closed']","[' CIGNA LocalPlus ', ' Blue Cross CA PPO Prudent Buyer Large Group ', ' BS CA Platinum 90 PPO ', ' Aetna HMO Deductible Plan CA only ', ' Blue Cross CA Advantage PPO Preferred DirectAccess Plus ', ' Health Net CA HMO Whole Care Network ', ' Blue Shield CA Trio ACO HMO ', ' Blue Shield CA Bronze 60 PPO SHOP ', ' Blue Shield CA Bronze Full PPO 4500 ', ' Health Net CA Individual and Family PPO ']"
"Dr. Jose Keyser Reyes, MD",https://doctor.webmd.com/doctor/jose-reyes-44da1e96-0535-432a-a2d7-b4315dcdcbba-overview?lid=S543,[]," 751 S Bascom Ave, San Jose, CA, 95128 ",2.92,[],"[' Aetna Choice POS II ', ' Health Net CA PPO ', ' Aetna Managed Choice POS Open Access ', ' Aetna Savings Plus of CA ', ' Health Net CA Individual and Family PPO ', ' Health Net PureCare HSP Individual and Family Plans ', ' BCBS Pathway EPO ', ' Oscar CA Cigna + Oscar LocalPlus ', ' Oscar CA Cigna + Oscar Open Access Plus ', ' Aetna Elect Choice EPO Open Access ']"
"Dr. Sumaira Aasi, MD",https://doctor.webmd.com/doctor/sumaira-aasi-d6606964-b620-4678-a3eb-23ce51713dbf-overview,[]," 450 Broadway St, Redwood City, CA, 94063 ",16.47,[],"[' Health Net PureCare One EPO Individual &amp; Family Plan ', ' Aetna Choice POS II ', ' Blue Shield CA Platinum Local Access + HMO 25 ', ' Emblem HIP Select PPO ', ' Multiplan PPO ', ' Health Net CA Individual and Family PPO ', ' Blue Cross CA Advantage PPO Preferred DirectAccess Plus ', ' Aetna HMO Deductible Plan CA only ', ' Blue Shield CA Access Plus HMO ', ' Aetna Managed Choice POS Open Access ']"
"Dr. Sandra Tinting Yeh, MD",https://doctor.webmd.com/doctor/sandra-yeh-0cc4f5a5-e666-47fe-b983-79a2b248ae57-overview?lid=5424581,"['Sunburn', 'Melanoma', 'Tinea Unguium', 'Skin Cancer', 'Acne', 'Hair Loss', 'Dermatitis', 'Psoriasis', 'Rosacea', 'Contact Dermatitis', 'Eczema']"," 706 N Winchester Blvd Ste B, San Jose, CA, 95128 ",1.64,"['Mon 9:00 am - 5:00 pm', 'Tue 9:00 am - 5:00 pm', 'Wed 9:00 am - 5:00 pm', 'Thu 9:00 am - 5:00 pm', 'Fri 9:00 am - 5:00 pm', 'Sat Closed', 'Sun Closed']","[' Blue Cross CA Select HMO ', ' Aetna Managed Choice POS Open Access ', ' Blue Shield CA Bronze Full PPO 4500 ', ' Blue Cross CA Select Plus HMO ', ' Blue Shield CA PPO ', ' BCBS Blue Card PPO ', ' PHCS PPO ', ' Health Net CA Individual and Family PPO ', ' Aetna Savings Plus of CA ', ' CIGNA Open Access Plus ']"
Dr. Parvathi Nanjundiah,https://doctor.webmd.com/doctor/parvathi-nanjundiah-2598ba15-56db-4e69-bc0e-6aa7022960d2-overview?lid=A10900257,"['Anorexia Nervosa', 'Anxiety Phobic Disorders', 'Anxiety', 'Anxiety Dissociative and Somatoform Disorders', 'Attention Deficit Disorder (ADD)', 'Bipolar Disorder', 'Bulimia Nervosa', 'Dementia', 'Depressive Disorders', 'Eating Disorders', 'Obsessive-Compulsive Disorder (OCD)', 'Post Traumatic Stress Disorder (PTSD)', 'Schizophrenia', 'Opioid Addiction', 'Attention Deficit Hyperactivity Disorder (ADHD)', 'Anger Issues', 'Anxiety disorders', 'Generalized Anxiety Disorder', 'Social Anxiety', 'Clinical Anger', 'Depression', 'Post Partum Depression', 'Severe or Chronic Depression', 'Treatment Resistant Depression', 'Major Depressive Disorder', 'Developmental Disabilities', 'Addiction', 'Drug Addiction', 'General Drug Addiction and Withdrawl', 'Prescription Drug Addiction', 'Opiate Addiction']"," 4546 El Camino Real B10-740, Los Altos, CA, 94022 ",9.39,"['Mon 8:30 am - 5:00 pm', 'Tue 8:30 am - 5:00 pm', 'Wed 8:30 am - 5:00 pm', 'Thu 8:30 am - 5:00 pm', 'Fri 8:30 am - 5:00 pm', 'Sat Closed', 'Sun Closed']","[' Aetna ', ' Cigna ', ' Alignment Health Plan ', ' Anthem Blue Cross ', ' Health Net ', ' Magellan Behavioral Health ', ' Medicare ', ' Optum Health ', ' Tricare ', ' UHC ']"
"Dr. Thinh Duy Mai, MD",https://doctor.webmd.com/doctor/thinh-mai-8f74dd51-58f9-4cb7-b3e8-ac66410a67a2-overview?lid=5603452,"['Anorexia Nervosa', 'Autism', 'Anxiety Dissociative and Somatoform Disorders', 'Depressive Disorders', 'Dementia', 'Attention Deficit Disorder (ADD)', 'Anxiety Phobic Disorders', 'Bipolar Disorder', 'Post Traumatic Stress Disorder (PTSD)', 'Schizophrenia', 'Obsessive-Compulsive Disorder (OCD)']"," 200 Jose Figueres Ave Ste 265, San Jose, CA, 95116 ",5.78,"['Mon 8:00 am - 5:00 pm', 'Tue 8:00 am - 5:00 pm', 'Wed 8:00 am - 5:00 pm', 'Thu 8:00 am - 5:00 pm', 'Fri Closed', 'Sat 8:00 am - 5:00 pm', 'Sun Closed']","[' Blue Cross CA PPO Prudent Buyer Large Group ', ' CIGNA HMO ', ' Health Net CA HMO SmartCare ', ' Blue Cross CA Advantage PPO Preferred DirectAccess Plus ', ' Blue Cross CA PPO Prudent Buyer Individual ', ' Health Net PureCare HSP Individual and Family Plans ', ' Humana Choice POS ', ' Health Net CA HMO Whole Care Network ', ' CIGNA PPO ', ' Health Net PureCare One EPO Individual &amp; Family Plan ']"
"Dr. Vidya Krishnan, MD",https://doctor.webmd.com/doctor/vidya-krishnan-981fa8ac-6cfc-49cf-a2c0-fa96d942b532-overview?lid=V10589294,"['Anorexia Nervosa', 'Anxiety Phobic Disorders', 'Anxiety Dissociative and Somatoform Disorders', 'Attention Deficit Disorder (ADD)', 'Autism', 'Eating Disorders']"," 1570 the Alameda Ste 226, San Jose, CA, 95126 ",2.49,[],"[' Aetna Managed Choice POS Open Access ', ' Blue Cross CA PPO Prudent Buyer Individual ', ' Blue Cross CA PPO Prudent Buyer Large Group ', ' CIGNA LocalPlus ', ' Aetna Savings Plus of CA ', ' Multiplan PPO ', ' Kaiser Permanente ', ' Humana / ChoiceCare Network PPO ', ' Kaiser Permanente California - Northern ', ' Health Net CA Individual and Family PPO ']"
"Dr. Stuart Ellis Krigel, MD",https://doctor.webmd.com/doctor/stuart-krigel-0370ed64-8603-42e1-b4a9-efa07245f59e-overview,[]," 1625 The Alameda Ste 300, San Jose, CA, 95126 ",2.36,"['Mon 8:00 am - 5:00 pm', 'Tue 8:00 am - 5:00 pm', 'Wed 8:00 am - 5:00 pm', 'Thu 8:00 am - 5:00 pm', 'Fri 8:00 am - 5:00 pm', 'Sat 8:00 am - 5:00 pm', 'Sun 8:00 am - 5:00 pm']",[]
"Dr. Brian Gee Tang, MD",https://doctor.webmd.com/doctor/brian-tang-aa37e3bb-f163-48ef-a875-a57f3a27a7b5-overview?lid=5085862,"['Hemolytic Anemia', 'Epilepsy', 'Hearing Loss', 'Attention Deficit Disorder (ADD)', 'Congenital Anomalies of the Heart', 'Autism', 'Anxiety Phobic Disorders']"," 2105 Forest Ave, San Jose, CA, 95128 ",1.96,[],"[' BS CA Platinum 90 PPO ', ' Aetna HMO Deductible Plan CA only ', ' Blue Cross CA Select PPO ', ' UHC West SignatureValue Alliance ', ' CIGNA Open Access Plus ', ' Aetna HMO ', ' UHC West SignatureValue HMO ', ' BCBS Blue Card PPO ', ' Blue Shield CA PPO ', ' Health Net CA Individual and Family PPO ']"
Dr. Yasha Rastgar,https://doctor.webmd.com/doctor/yasha-rastgar-53f9970d-118b-40ac-9542-0cf1f9ef56e5-overview?lid=A10900257,"['Anorexia Nervosa', 'Anxiety Phobic Disorders', 'Anxiety', 'Anxiety Dissociative and Somatoform Disorders', 'Attention Deficit Disorder (ADD)', 'Bipolar Disorder', 'Bulimia Nervosa', 'Dementia', 'Depressive Disorders', 'Eating Disorders', 'Obsessive-Compulsive Disorder (OCD)', 'Post Traumatic Stress Disorder (PTSD)', 'Schizophrenia', 'Opioid Addiction', 'Attention Deficit Hyperactivity Disorder (ADHD)', 'Anger Issues', 'Anxiety disorders', 'Generalized Anxiety Disorder', 'Social Anxiety', 'Clinical Anger', 'Depression', 'Post Partum Depression', 'Severe or Chronic Depression', 'Treatment Resistant Depression', 'Major Depressive Disorder', 'Developmental Disabilities', 'Addiction', 'Drug Addiction', 'General Drug Addiction and Withdrawl', 'Prescription Drug Addiction', 'Opiate Addiction']"," 4546 El Camino Real B10-740, Los Altos, CA, 94022 ",9.39,[],"[' Aetna ', ' Cigna ', ' Alignment Health Plan ', ' Anthem Blue Cross ', ' Health Net ', ' Magellan Behavioral Health ', ' Medicare ', ' Optum Health ', ' Tricare ', ' UHC ']"
"Dr. Saad Adnan Shakir, MD",https://doctor.webmd.com/doctor/saad-shakir-778dd355-d3d7-4c25-ad1e-8f1683657e4c-overview?lid=5085862,"['Anorexia Nervosa', 'Anxiety Phobic Disorders', 'Anxiety Dissociative and Somatoform Disorders', 'Attention Deficit Disorder (ADD)', 'Autism', 'Bipolar Disorder', 'Dementia', 'Post Traumatic Stress Disorder (PTSD)', 'Tension Headache', 'Obsessive-Compulsive Disorder (OCD)', 'Depressive Disorders', 'Schizophrenia', 'Eating Disorders']"," 2105 Forest Ave, San Jose, CA, 95128 ",1.96,"['Mon 8:30 am - 5:00 pm', 'Tue 8:30 am - 5:00 pm', 'Wed 8:30 am - 5:00 pm', 'Thu 8:30 am - 5:00 pm', 'Fri 8:30 am - 5:00 pm', 'Sat Closed', 'Sun Closed']","[' Anthem BC Pathway X EPO Network ', ' Aetna AWH Northern CA HMO ', ' Oscar CA Cigna + Oscar LocalPlus ', ' Oscar CA Cigna + Oscar Open Access Plus ', ' Blue Cross CA PPO Prudent Buyer Individual ', ' Blue Cross CA  PPO Prudent Buyer Small Group ', ' Blue Cross CA PPO Prudent Buyer Large Group ', ' CIGNA PPO ', ' First Health PPO ', ' Aetna Basic HMO ']"
"Dr. Adam January Jarczewski, MD",https://doctor.webmd.com/doctor/adam-jarczewski-7df803e8-b692-4607-bfbe-995ad3115459-overview?lid=V10707393,[]," 143 N Main St, Milpitas, CA, 95035 ",6.12,"['Mon 9:00 am - 5:00 pm', 'Tue 9:00 am - 5:00 pm', 'Wed 9:00 am - 5:00 pm', 'Thu 9:00 am - 5:00 pm', 'Fri 9:00 am - 5:00 pm', 'Sat Closed', 'Sun Closed']","[' Blue Cross CA Pathway X PPO ', ' Anthem BC Pathway X EPO Network ', ' Blue Cross CA  PPO Prudent Buyer Small Group ', ' Multiplan PPO ', ' PHCS PPO Kaiser ', ' Blue Cross CA Advantage PPO Preferred DirectAccess Plus ', ' Blue Cross CA Select PPO ', ' Aetna Basic HMO ', ' Blue Cross CA PPO Prudent Buyer Individual ', ' Blue Cross CA PPO Prudent Buyer Large Group ']"
"Dr. Tammy Saah, MD",https://doctor.webmd.com/doctor/tammy-saah-e6b19302-5d80-4ba6-b40f-a837f6a001ac-overview?lid=V10008757,[]," 2039 Forest Ave Ste 201, San Jose, CA, 95128 ",2.74,[],"[' BCBS Blue Card PPO ', ' BCBS GA Blue Choice HMO ', ' BCBS GA BlueChoice Option POS ', ' Blue Cross CA PPO Prudent Buyer Individual ', ' BCBS TN Blue Network S ', ' BCBS GA Blue Open Access POS  ', ' Blue Cross CA PPO Prudent Buyer Large Group ', ' Blue Cross CA  PPO Prudent Buyer Small Group ', ' Oscar Insurance CA ', ' Anthem Blue Open Access POS Alternate Network ']"
"Dr. Rodolfo A. Morales, MD",https://doctor.webmd.com/doctor/rodolfo-morales-267f62a4-0f47-4bfa-94c9-cea370f5520f-overview?lid=5085862,"['Anxiety Phobic Disorders', 'Attention Deficit Disorder (ADD)', 'Bipolar Disorder', 'Depressive Disorders', 'Post Traumatic Stress Disorder (PTSD)', 'Schizophrenia']"," 2105 Forest Ave, San Jose, CA, 95128 ",1.96,"['Mon 8:00 am - 5:00 pm', 'Tue 8:00 am - 5:00 pm', 'Wed 8:00 am - 5:00 pm', 'Thu 8:00 am - 5:00 pm', 'Fri 8:00 am - 5:00 pm', 'Sun Closed']","[' Blue Cross CA  PPO Prudent Buyer Small Group ', ' Blue Cross CA PPO Prudent Buyer Large Group ', ' Aetna Choice POS II ', ' BCBS Blue Card PPO ', ' Anthem BC Pathway X EPO Network ', ' Blue Cross CA Select PPO ', ' Humana Choice POS ', ' Blue Cross CA PPO Prudent Buyer Individual ', ' Blue Cross CA Advantage PPO Preferred DirectAccess Plus ', ' Oscar Insurance CA ']"
"Dr. Gloria Wu, MD",https://doctor.webmd.com/doctor/gloria-wu-7553a8db-9911-4b06-b19e-c7cc23e38668-overview?lid=5085862,[]," 2105 Forest Ave, San Jose, CA, 95128 ",1.96,[],"[' Blue Cross CA Advantage PPO Preferred DirectAccess Plus ', ' Blue Cross CA Select HMO ', ' UHC Choice Plus POS ', ' BC CA California Care Small Group HMO ', ' Blue Cross CA PPO Prudent Buyer Individual ', ' Blue Cross CA Select PPO ', ' Blue Cross CA PPO Prudent Buyer Large Group ', ' UHC Options PPO ', ' Blue Cross CA Select Plus HMO ', ' Oscar Insurance CA ']"
"Dr. Sayed Jovkar, MD",https://doctor.webmd.com/doctor/sayed-jovkar-a149fcca-76f1-47c8-b972-2147da7ad22d-overview,"['Keratitis', 'Cataract', 'Primary Angle-Closure Glaucoma', 'Macular Degeneration', 'Glaucoma', 'Retinal Detachment', 'Diabetic Retinopathy']"," 15251 National Ave Ste 100, Los Gatos, CA, 95032 ",7.33,"['Mon 8:00 am - 5:00 pm', 'Tue 8:00 am - 5:00 pm', 'Wed 8:00 am - 5:00 pm', 'Thu 8:00 am - 5:00 pm', 'Fri 8:00 am - 5:00 pm', 'Sat Closed', 'Sun Closed']","[' First Health PPO ', ' Blue Cross CA PPO Prudent Buyer Large Group ', ' Health Net PureCare HSP Individual and Family Plans ', ' CIGNA HMO ', ' Blue Cross CA PPO Prudent Buyer Individual ', ' Health Net CA Individual and Family PPO ', ' Blue Shield CA PPO ', ' UHC Options PPO ', ' Blue Cross CA  PPO Prudent Buyer Small Group ', ' Health Net CA HMO Whole Care Network ']"
"Dr. Huck Amnon Holz, MD",https://doctor.webmd.com/doctor/huck-holz-82d08b07-e65a-43c4-bb24-1ef046f80307-overview?lid=5017030,[]," 710 Lawrence Expy Ste 260, Santa Clara, CA, 95051 ",2.53,"['Mon 8:30 am - 5:00 pm', 'Tue 8:30 am - 5:00 pm', 'Wed 8:30 am - 5:00 pm', 'Thu 8:30 am - 5:00 pm', 'Fri 8:30 am - 5:00 pm', 'Sun Closed', 'Mon 8:30 am - 5:00 pm', 'Tue 8:30 am - 5:00 pm', 'Wed 8:30 am - 5:00 pm', 'Thu 8:30 am - 5:00 pm', 'Fri 8:30 am - 5:00 pm', 'Sat Closed', 'Sun Closed']","[' Aetna Choice POS II ', ' Multiplan PPO ', ' PHCS PPO ', ' CIGNA HMO ', ' CIGNA Open Access Plus ', ' Kaiser Permanente ', ' California - Northern ', ' Senior Advantage Medicare Cost ', ' CIGNA PPO ', ' Kaiser Permanente California - Northern ']"
"Dr. Patrick Michael Monahan, MD",https://doctor.webmd.com/doctor/patrick-monahan-566ca0ca-9e0c-4024-9db1-792ceb433c99-overview?lid=5085862,[]," 2105 Forest Ave, San Jose, CA, 95128 ",1.96,"['Mon 9:00 am - 5:00 pm', 'Tue 9:00 am - 5:00 pm', 'Wed 9:00 am - 5:00 pm', 'Thu Closed', 'Fri Closed', 'Sat Closed', 'Sun Closed']","[' Blue Shield CA Bronze 60 PPO SHOP ', ' Blue Cross CA  PPO Prudent Buyer Small Group ', ' Aetna Savings Plus of CA ', ' Aetna AWH Northern CA HMO ', ' Oscar CA Cigna + Oscar LocalPlus ', ' Oscar CA Cigna + Oscar Open Access Plus ', ' CIGNA Open Access Plus ', ' Aetna Vitalidad Plus CA con Aetna ', ' Health Net CA HMO SmartCare ', ' Blue Cross CA California Care Large Group HMO ']"
"Dr. Alok Shawn Bansal, MD
",https://doctor.webmd.com/doctor/alok-bansal-c12c4dbe-93cf-4273-bf5c-c7ec90da315d-overview?lid=5085652,[]," 200 Jose Figueres Ave Ste 415, San Jose, CA, 95116 ",5.79,"['Mon 9:00 am - 5:30 pm', 'Tue 9:00 am - 5:30 pm', 'Wed 9:00 am - 5:30 pm', 'Thu 9:00 am - 5:30 pm', 'Fri 9:00 am - 5:30 pm', 'Sat Closed', 'Sun Closed', 'Mon 8:30 am - 5:30 pm', 'Tue 8:30 am - 5:30 pm', 'Wed 8:30 am - 5:30 pm', 'Thu 8:30 am - 5:30 pm', 'Fri 8:30 am - 5:30 pm', 'Sat Closed', 'Sun Closed', 'Mon 9:00 am - 5:00 pm', 'Tue 9:00 am - 12:00 pm', 'Wed 9:00 am - 5:00 pm', 'Thu 9:00 am - 12:00 pm', 'Fri 9:00 am - 5:00 pm', 'Sat Closed', 'Sun Closed', 'Mon 8:30 am - 5:00 pm', 'Tue 8:30 am - 5:00 pm', 'Wed 8:30 am - 5:00 pm', 'Thu 8:30 am - 5:00 pm', 'Fri 8:30 am - 5:00 pm', 'Sat Closed', 'Sun Closed', 'Mon 8:30 am - 5:30 pm', 'Tue 8:30 am - 5:30 pm', 'Wed 8:30 am - 5:30 pm', 'Thu 8:30 am - 5:30 pm', 'Fri 8:30 am - 5:30 pm', 'Sat Closed', 'Sun Closed']","[' Health Net CA HMO Employer Group ', ' Oscar Insurance CA ', ' Blue Shield CA Local Access Plus HMO ', ' Blue Cross CA Pathway X HMO ', ' Multiplan PPO ', ' Aetna Savings Plus of CA ', ' BS CA Platinum 90 PPO ', ' Aetna Signature Administrators PPO ', ' UHC Choice Plus POS ', ' Health Net PureCare One EPO Individual &amp; Family Plan ']"
"Dr. George Shihching Yang, MD
",https://doctor.webmd.com/doctor/george-yang-88b61c10-043a-489b-b4d2-74bb160694b7-overview?lid=5085635,[]," 123 Di Salvo Ave Ste 20, San Jose, CA, 95128 ",2.74,"['Mon 8:30 am - 4:00 pm', 'Tue 8:30 am - 4:00 pm', 'Wed 8:30 am - 4:00 pm', 'Thu 8:30 am - 4:00 pm', 'Fri 8:30 am - 4:00 pm', 'Sat Closed', 'Sun Closed', 'Mon 9:00 am - 5:00 pm', 'Tue 9:00 am - 5:00 pm', 'Wed 9:00 am - 5:00 pm', 'Thu 9:00 am - 5:00 pm', 'Fri 9:00 am - 5:00 pm', 'Sat Closed', 'Sun Closed']","[' BC CA California Care Small Group HMO ', ' Aetna HMO ', ' UHC West SignatureValue Advantage HMO Value Network ', ' UHC Navigate HMO ', ' Blue Shield CA PPO ', ' Blue Shield CA Platinum Access+ HMO 25 ', ' Health Net CA PPO ', ' CIGNA HMO ', ' Blue Cross CA PPO Prudent Buyer Large Group ', ' Oscar Insurance CA ']"
"Dr. Lan Tuyet Nguyen, MD",https://doctor.webmd.com/doctor/lan-nguyen-d9241bac-9c0e-4460-8404-260b53073c5d-overview?lid=5085862,"['Keratitis', 'Primary Angle-Closure Glaucoma', 'Macular Degeneration', 'Cataract', 'Acute Conjunctivitis', 'Glaucoma']"," 2105 Forest Ave, San Jose, CA, 95128 ",1.96,"['Mon 6:30 am - 5:00 pm', 'Tue 6:30 am - 5:00 pm', 'Wed 6:30 am - 5:00 pm', 'Thu 6:30 am - 5:00 pm', 'Fri 6:30 am - 5:00 pm', 'Sat Closed', 'Sun Closed']","[' UHC Options PPO ', ' Anthem BC Pathway X EPO Network ', ' Health Net CA PPO ', ' Aetna Managed Choice POS Open Access ', ' Health Net CA Individual and Family PPO ', ' Oscar Insurance CA ', ' Blue Cross CA Select PPO ', ' Health Net PureCare HSP Individual and Family Plans ', ' UHC West SignatureValue Advantage HMO Value Network ', ' Blue Shield CA Platinum Access+ HMO 25 ']"
"Dr. Danny Binh Luong, MD",https://doctor.webmd.com/doctor/danny-luong-6f0496da-bbfe-47be-bde3-bb72eb9c7882-overview?lid=5410953,"['Cataract', 'Glaucoma', 'Retinal Detachment', 'Primary Angle-Closure Glaucoma', 'Diabetic Retinopathy', 'Acute Conjunctivitis', 'Macular Degeneration', 'Keratitis']"," 235 Oconnor Dr, San Jose, CA, 95128 ",2.06,"['Mon 6:30 am - 5:00 pm', 'Tue 6:30 am - 5:00 pm', 'Wed 6:30 am - 5:00 pm', 'Thu 6:30 am - 5:00 pm', 'Fri 6:30 am - 5:00 pm', 'Sat Closed', 'Sun Closed', 'Mon 9:00 am - 5:30 pm', 'Tue 9:00 am - 5:30 pm', 'Wed 9:00 am - 5:30 pm', 'Thu 9:00 am - 5:30 pm', 'Fri 9:00 am - 5:30 pm', 'Sat Closed', 'Sun Closed']","[' UHC West SignatureValue Advantage HMO Value Network ', ' Blue Shield CA PPO ', ' CIGNA HMO ', ' Blue Shield CA Platinum Access+ HMO 25 ', ' Blue Cross CA Pathway X PPO ', ' Health Net CA HMO Whole Care Network ', ' Oscar Insurance CA ', ' Blue Shield CA Silver 70 PPO ', ' BC CA California Care Small Group HMO ', ' UHC SignatureValue Focus ']"
"
Dr. Howard Hung Chen, MD",https://doctor.webmd.com/doctor/howard-chen-3ce01479-1bf0-4e37-93df-c2b1b6f89124-overview?lid=V10508679,"['Acute Conjunctivitis', 'Cataract', 'Diabetic Retinopathy', 'Glaucoma', 'Macular Degeneration', 'Retinal Detachment']"," 123 Di Salvo Ave Ste E, San Jose, CA, 95128 ",2.74,"['Mon 8:30 am - 5:00 pm', 'Tue 8:30 am - 5:00 pm', 'Wed 8:30 am - 5:00 pm', 'Sat Closed', 'Sun Closed', 'Mon 9:00 am - 5:00 pm', 'Tue 9:00 am - 5:00 pm', 'Wed 9:00 am - 5:00 pm', 'Thu Closed', 'Fri Closed', 'Sat Closed', 'Sun Closed', 'Mon 9:00 am - 5:00 pm', 'Tue 9:00 am - 5:00 pm', 'Wed 9:00 am - 5:00 pm', 'Sat Closed', 'Sun Closed']","[' Aetna Savings Plus of CA ', ' Health Net SmartCare Network HMO Large Group ', ' Aetna Elect Choice EPO Open Access ', ' Aetna Innovation Health Aetna Premier Care Network Plus ', ' Aetna Open Choice PPO ', ' BCBS Pathway EPO ', ' BCBSA Blue Card High Performance Network ', ' Blue Cross CA Anthem Advantage HMO ', ' Blue Cross CA Anthem Blue Connection EPO CA ', ' Blue Cross CA California Care Small Group HMO ']"
"Dr. David Bruce Mark, MD",https://doctor.webmd.com/doctor/david-mark-1d703840-3784-4df1-a31e-8d7dad5b3359-overview?lid=5085484,[]," 3159 Mission College Blvd, Santa Clara, CA, 95054 ",3,"['Tue 10:00 am - 6:00 pm', 'Wed 10:00 am - 6:00 pm', 'Thu 10:00 am - 6:00 pm', 'Fri 10:00 am - 5:00 pm', 'Sun Closed', 'Mon 8:00 am - 5:00 pm', 'Tue 8:00 am - 5:00 pm', 'Wed 8:00 am - 5:00 pm', 'Thu 8:00 am - 5:00 pm', 'Fri 8:00 am - 5:00 pm', 'Sun Closed', 'Tue 9:00 am - 6:00 pm', 'Wed 9:00 am - 6:00 pm', 'Thu 9:00 am - 6:00 pm', 'Fri 9:00 am - 6:00 pm', 'Sat 8:30 am - 4:30 pm', 'Sun Closed']","[' Aetna HMO ', ' Blue Shield CA Bronze 60 PPO SHOP ', ' Health Net EPO - PureCare One Small Business ', ' Blue Cross CA Advantage PPO Preferred DirectAccess Plus ', ' Health Net CA HMO Employer Group ', ' Aetna HMO Deductible Plan CA only ', ' Multiplan PPO ', ' PHCS PPO ', ' Blue Cross CA PPO Prudent Buyer Large Group ', ' Humana Choice POS ']"